<?xml version="1.0" encoding="UTF-8"?><rss version="2.0"
	xmlns:content="http://purl.org/rss/1.0/modules/content/"
	xmlns:dc="http://purl.org/dc/elements/1.1/"
	xmlns:atom="http://www.w3.org/2005/Atom"
	xmlns:sy="http://purl.org/rss/1.0/modules/syndication/"
	
	>
<channel>
	<title>
	Comments for ₩Ⱨł₮ɆӾ	</title>
	<atom:link href="https://https://github.com/W-H-I-T-E-X/forensics.git/index.php/comments/feed/" rel="self" type="application/rss+xml" />
	<link>https://https://github.com/W-H-I-T-E-X/forensics.git</link>
	<description></description>
	<lastBuildDate>Sat, 31 Aug 2024 12:39:39 +0000</lastBuildDate>
	<sy:updatePeriod>
	hourly	</sy:updatePeriod>
	<sy:updateFrequency>
	1	</sy:updateFrequency>
	<generator>https://wordpress.org/?v=6.6.1</generator>
	<item>
		<title>
		Comment on 𝔻𝕚𝕘𝕚𝕥𝕒𝕝 𝔽𝕠𝕣𝕖𝕟𝕤𝕚𝕔𝕤 by A WordPress Commenter		</title>
		<link>https://https://github.com/W-H-I-T-E-X/forensics.git/index.php/2024/08/23/hello-world/#comment-1</link>

		<dc:creator><![CDATA[A WordPress Commenter]]></dc:creator>
		<pubDate>Fri, 23 Aug 2024 11:54:41 +0000</pubDate>
		<guid isPermaLink="false">https://https://github.com/W-H-I-T-E-X/forensics.git/?p=1#comment-1</guid>

					<description><![CDATA[Hi, this is a comment.
To get started with moderating, editing, and deleting comments, please visit the Comments screen in the dashboard.
Commenter avatars come from &lt;a href=&quot;https://en.gravatar.com/&quot;&gt;Gravatar&lt;/a&gt;.]]></description>
			<content:encoded><![CDATA[<p>Hi, this is a comment.<br />
To get started with moderating, editing, and deleting comments, please visit the Comments screen in the dashboard.<br />
Commenter avatars come from <a href="https://en.gravatar.com/">Gravatar</a>.</p>
]]></content:encoded>
		
			</item>
	</channel>
</rss>
