<?xml version="1.0" encoding="UTF-8"?><rss version="2.0"
	xmlns:content="http://purl.org/rss/1.0/modules/content/"
	xmlns:wfw="http://wellformedweb.org/CommentAPI/"
	xmlns:dc="http://purl.org/dc/elements/1.1/"
	xmlns:atom="http://www.w3.org/2005/Atom"
	xmlns:sy="http://purl.org/rss/1.0/modules/syndication/"
	xmlns:slash="http://purl.org/rss/1.0/modules/slash/"
	>

<channel>
	<title>Uncategorized &#8211; ₩Ⱨł₮ɆӾ</title>
	<atom:link href="https://https://github.com/W-H-I-T-E-X/forensics.git/index.php/category/uncategorized/feed/" rel="self" type="application/rss+xml" />
	<link>https://https://github.com/W-H-I-T-E-X/forensics.git</link>
	<description></description>
	<lastBuildDate>Sat, 31 Aug 2024 12:39:39 +0000</lastBuildDate>
	<language>en-US</language>
	<sy:updatePeriod>
	hourly	</sy:updatePeriod>
	<sy:updateFrequency>
	1	</sy:updateFrequency>
	<generator>https://wordpress.org/?v=6.6.1</generator>
	<item>
		<title>𝔻𝕚𝕘𝕚𝕥𝕒𝕝 𝔽𝕠𝕣𝕖𝕟𝕤𝕚𝕔𝕤</title>
		<link>https://https://github.com/W-H-I-T-E-X/forensics.git/index.php/2024/08/23/hello-world/</link>
					<comments>https://https://github.com/W-H-I-T-E-X/forensics.git/index.php/2024/08/23/hello-world/#comments</comments>
		
		<dc:creator><![CDATA[whitex]]></dc:creator>
		<pubDate>Fri, 23 Aug 2024 11:54:41 +0000</pubDate>
				<category><![CDATA[Uncategorized]]></category>
		<guid isPermaLink="false">https://https://github.com/W-H-I-T-E-X/forensics.git/?p=1</guid>

					<description><![CDATA[<p>Digital forensics is the field of investigating and analyzing digital devices to uncover and interpret data that may be crucial [&#8230;]</p>
]]></description>
										<content:encoded><![CDATA[
<figure class="wp-block-image size-large"><img fetchpriority="high" decoding="async" width="1024" height="574" src="https://https://github.com/W-H-I-T-E-X/forensics.git/wp-content/uploads/2024/08/binary-code-backdrop-with-magnifier-finger-print-1024x574.jpg" alt="" class="wp-image-31" srcset="https://https://github.com/W-H-I-T-E-X/forensics.git/wp-content/uploads/2024/08/binary-code-backdrop-with-magnifier-finger-print-1024x574.jpg 1024w, https://https://github.com/W-H-I-T-E-X/forensics.git/wp-content/uploads/2024/08/binary-code-backdrop-with-magnifier-finger-print-300x168.jpg 300w, https://https://github.com/W-H-I-T-E-X/forensics.git/wp-content/uploads/2024/08/binary-code-backdrop-with-magnifier-finger-print-768x430.jpg 768w, https://https://github.com/W-H-I-T-E-X/forensics.git/wp-content/uploads/2024/08/binary-code-backdrop-with-magnifier-finger-print-1536x861.jpg 1536w, https://https://github.com/W-H-I-T-E-X/forensics.git/wp-content/uploads/2024/08/binary-code-backdrop-with-magnifier-finger-print-2048x1148.jpg 2048w" sizes="(max-width: 1024px) 100vw, 1024px" /><figcaption class="wp-element-caption">Binary code backdrop with magnifier and finger print.</figcaption></figure>



<p><em><mark style="background-color:rgba(0, 0, 0, 0)" class="has-inline-color has-cyan-bluish-gray-color">Digital forensics is the field of investigating and analyzing digital devices to uncover and interpret data that may be crucial for legal proceedings or internal investigations. It involves recovering, preserving, and analyzing data from computers, smartphones, servers, and other digital devices to identify evidence related to criminal activities, data breaches, or policy violations.</mark></em></p>



<p><mark style="background-color:rgba(0, 0, 0, 0)" class="has-inline-color has-pale-pink-color">Here are the primary steps involved in a typical digital forensics investigation:</mark></p>



<ul class="wp-block-list">
<li><strong><em><mark style="background-color:rgba(0, 0, 0, 0)" class="has-inline-color has-vivid-red-color">Preparation</mark>:</em></strong> <mark style="background-color:rgba(0, 0, 0, 0)" class="has-inline-color has-vivid-purple-color">Before starting an investigation, it&#8217;s important to have the right tools and knowledge. This includes having proper training, understanding legal requirements, and preparing forensic equipment and software.</mark></li>
</ul>



<ul class="wp-block-list">
<li><strong><em><code><mark style="background-color:rgba(0, 0, 0, 0)" class="has-inline-color has-vivid-red-color">Identification</mark></code>:</em></strong> <mark style="background-color:rgba(0, 0, 0, 0)" class="has-inline-color has-vivid-purple-color">This step involves identifying the devices and data sources relevant to the investigation. It could be computers, smartphones, external storage devices, or cloud-based resources. The goal is to determine what needs to be examined and the scope of the investigation.</mark></li>
</ul>



<ul class="wp-block-list">
<li><strong><em><mark style="background-color:rgba(0, 0, 0, 0)" class="has-inline-color has-vivid-red-color">Collection</mark>:</em></strong> <mark style="background-color:rgba(0, 0, 0, 0)" class="has-inline-color has-vivid-purple-color">Data is collected from the identified devices in a manner that maintains its integrity. This often involves creating a forensic image (an exact bit-by-bit copy) of the device&#8217;s storage. Specialized tools and techniques are used to ensure that the data is not altered during this process.</mark></li>
</ul>



<ul class="wp-block-list">
<li><strong><em><mark style="background-color:rgba(0, 0, 0, 0)" class="has-inline-color has-vivid-red-color">Preservation</mark>:</em></strong><mark style="background-color:rgba(0, 0, 0, 0)" class="has-inline-color has-vivid-purple-color"> Ensuring the integrity and chain of custody of the collected data is crucial. This involves securely storing and documenting the data to prevent tampering or loss. Proper handling procedures and documentation help maintain the validity of the evidence for legal purposes.</mark></li>
</ul>



<ul class="wp-block-list">
<li><strong><em><mark style="background-color:rgba(0, 0, 0, 0)" class="has-inline-color has-vivid-red-color">Analysis</mark>:</em></strong> <mark style="background-color:rgba(0, 0, 0, 0)" class="has-inline-color has-vivid-purple-color">This step involves examining the collected data to uncover relevant information. Forensic analysts use various tools and techniques to extract and interpret data, looking for signs of tampering, hidden files, or other relevant artifacts</mark>.</li>
</ul>



<ul class="wp-block-list">
<li><strong><em><mark style="background-color:rgba(0, 0, 0, 0)" class="has-inline-color has-vivid-red-color">Documentation</mark>: </em></strong><mark style="background-color:rgba(0, 0, 0, 0)" class="has-inline-color has-vivid-purple-color">Throughout the investigation, detailed records of the process, findings, and methodologies are maintained. This documentation is essential for ensuring that the investigation can be reviewed and verified and for presenting findings in legal contexts.</mark></li>
</ul>



<ul class="wp-block-list">
<li><strong><em><mark style="background-color:rgba(0, 0, 0, 0)" class="has-inline-color has-vivid-red-color">Reporting</mark>:</em></strong> <mark style="background-color:rgba(0, 0, 0, 0)" class="has-inline-color has-vivid-purple-color">After analysis, a comprehensive report is prepared that summarizes the findings, methodologies, and conclusions. The report should be clear and understandable, providing evidence and insights that support legal or organizational actions</mark>.</li>
</ul>



<ul class="wp-block-list">
<li><strong><em><mark style="background-color:rgba(0, 0, 0, 0)" class="has-inline-color has-vivid-red-color">Presentation</mark>:</em></strong> <mark style="background-color:rgba(0, 0, 0, 0)" class="has-inline-color has-vivid-purple-color">If the investigation involves legal proceedings, the findings may need to be presented in court or other legal settings. This step involves explaining the evidence and the investigative process in a clear and convincing manner.</mark></li>
</ul>



<p></p>
]]></content:encoded>
					
					<wfw:commentRss>https://https://github.com/W-H-I-T-E-X/forensics.git/index.php/2024/08/23/hello-world/feed/</wfw:commentRss>
			<slash:comments>1</slash:comments>
		
		
			</item>
	</channel>
</rss>
